{"USDAED": 3.673016, "USDAFN": 68.018868, "USDALL": 92.613644, "USDAMD": 387.449175, "USDANG": 1.795763, "USDAOA": 913.50406, "USDARS": 1001.745308, "USDAUD": 1.532708, "USDAWG": 1.794475, "USDAZN": 1.701272, "USDBAM": 1.845077, "USDBBD": 2.011887, "USDBDT": 119.074348, "USDBGN": 1.844595, "USDBHD": 0.376952, "USDBIF": 2942.924528, "USDBMD": 1, "USDBND": 1.334811, "USDBOB": 6.910312, "USDBRL": 5.773701, "USDBSD": 0.99642, "USDBTC": 1.0855054e-05, "USDBTN": 84.146376, "USDBWP": 13.556668, "USDBYN": 3.260849, "USDBYR": 19600, "USDBZD": 2.008491, "USDCAD": 1.395965, "USDCDF": 2870.000527, "USDCHF": 0.88342, "USDCLF": 0.035201, "USDCLP": 971.290184, "USDCNY": 7.241902, "USDCNH": 7.242435, "USDCOP": 4392.39, "USDCRC": 506.509434, "USDCUC": 1, "USDCUP": 26.5, "USDCVE": 104.022604, "USDCZK": 23.8753, "USDDJF": 177.433962, "USDDKK": 7.04271, "USDDOP": 60.009434, "USDDZD": 133.385053, "USDEGP": 49.535903, "USDERN": 15, "USDETB": 122.638421, "USDEUR": 0.94415, "USDFJD": 2.265103, "USDFKP": 0.789317, "USDGBP": 0.78819, "USDGEL": 2.744991, "USDGGP": 0.789317, "USDGHS": 15.872492, "USDGIP": 0.789317, "USDGMD": 70.504736, "USDGNF": 8587.735849, "USDGTQ": 7.69238, "USDGYD": 208.365959, "USDHKD": 7.783015, "USDHNL": 25.176653, "USDHRK": 7.133259, "USDHTG": 130.896226, "USDHUF": 385.514972, "USDIDR": 15852.65, "USDILS": 3.74324, "USDIMP": 0.789317, "USDINR": 84.39455, "USDIQD": 1305.270705, "USDIRR": 42104.999654, "USDISK": 137.369761, "USDJEP": 0.789317, "USDJMD": 158.039227, "USDJOD": 0.709304, "USDJPY": 155.085505, "USDKES": 129.039791, "USDKGS": 86.498711, "USDKHR": 4047.169811, "USDKMF": 464.774967, "USDKPW": 899.999621, "USDKRW": 1389.435013, "USDKWD": 0.30751, "USDKYD": 0.83037, "USDKZT": 494.438732, "USDLAK": 21847.169811, "USDLBP": 89228.962264, "USDLKR": 289.90566, "USDLRD": 181.349912, "USDLSL": 18.013017, "USDLTL": 2.95274, "USDLVL": 0.60489, "USDLYD": 4.860377, "USDMAD": 9.955472, "USDMDL": 18.109434, "USDMGA": 4657.569139, "USDMKD": 58.106589, "USDMMK": 3247.960992, "USDMNT": 3397.999946, "USDMOP": 7.988227, "USDMRU": 39.656604, "USDMUR": 46.330293, "USDMVR": 15.450114, "USDMWK": 1727.838339, "USDMXN": 20.12601, "USDMYR": 4.469499, "USDMZN": 63.960226, "USDNAD": 18.015396, "USDNGN": 1674.809698, "USDNIO": 36.669811, "USDNOK": 10.991035, "USDNPR": 134.635849, "USDNZD": 1.69289, "USDOMR": 0.385014, "USDPAB": 0.996406, "USDPEN": 3.781379, "USDPGK": 4.009434, "USDPHP": 58.890992, "USDPKR": 276.90508, "USDPLN": 4.092079, "USDPYG": 7760.377358, "USDQAR": 3.633928, "USDRON": 4.698401, "USDRSD": 110.462973, "USDRUB": 99.748577, "USDRWF": 1370.578968, "USDSAR": 3.754238, "USDSBD": 8.36952, "USDSCR": 13.626278, "USDSDG": 601.496134, "USDSEK": 10.92804, "USDSGD": 1.33872, "USDSHP": 0.789317, "USDSLE": 22.600322, "USDSLL": 20969.504736, "USDSOS": 569.439334, "USDSRD": 35.538503, "USDSTD": 20697.981008, "USDSVC": 8.718786, "USDSYP": 2512.529858, "USDSZL": 18.010462, "USDTHB": 34.569846, "USDTJS": 10.591787, "USDTMT": 3.51, "USDTND": 3.139593, "USDTOP": 2.342098, "USDTRY": 34.484601, "USDTTD": 6.765974, "USDTWD": 32.454982, "USDTZS": 2647.963961, "USDUAH": 41.137364, "USDUGX": 3668.833313, "USDUYU": 42.773181, "USDUZS": 12779.124725, "USDVES": 45.777932, "USDVND": 25417.5, "USDVUV": 118.722009, "USDWST": 2.791591, "USDXAF": 618.830278, "USDXAG": 0.032101, "USDXAU": 0.000379, "USDXCD": 2.70255, "USDXDR": 0.757928, "USDXOF": 618.830278, "USDXPF": 112.508373, "USDYER": 249.889986, "USDZAR": 18.05771, "USDZMK": 9001.202428, "USDZMW": 27.526415, "USDZWL": 321.999592}